path	kind	owner	review_status	entrypoint	disposition	risk	notes
/Users/torarinvikbjarko/Documents/Coding Projects/Elisa Projects/elisa-script/scripts/check_differential_case.sh	shell	elisascript-maintainers	reviewed	direct executable	port	test	callers: manual/CI; inputs: differential source and fixture; outputs: deterministic status/diagnostic; deps: bash, rg; platform: POSIX shell; fixtures: test/differential/elisascript_differential_test.elisa; acceptance: compiler-free differential audit passes
/Users/torarinvikbjarko/Documents/Coding Projects/Elisa Projects/elisa-script/scripts/check_namespace_manifest.sh	shell	elisascript-maintainers	reviewed	direct executable	port	build	callers: manual/CI; inputs: src and namespace manifest; outputs: namespace report/status; deps: bash, rg, awk; platform: POSIX paths; fixtures: docs/namespace-manifest.md; acceptance: public/private collision audit passes
/Users/torarinvikbjarko/Documents/Coding Projects/Elisa Projects/elisa-script/scripts/check_builtin_surface.sh	shell	elisascript-maintainers	reviewed	direct executable	port	test	callers: manual/CI; inputs: builtin registry and IR consumers; outputs: missing-entry diagnostics/status; deps: bash, rg; platform: POSIX paths; fixtures: semantic/lowering source; acceptance: registry surface audit passes
/Users/torarinvikbjarko/Documents/Coding Projects/Elisa Projects/elisa-script/scripts/check_validation_wrappers.sh	shell	elisascript-maintainers	reviewed	direct executable	retain-external	release	callers: safety operator; inputs: wrapper scripts and emergency-stop metadata; outputs: ownership/safety audit; deps: bash, rg, ps; platform: macOS/POSIX process model; fixtures: docs/validation-baseline.md; acceptance: keep external until validation reauthorization
/Users/torarinvikbjarko/Documents/Coding Projects/Elisa Projects/elisa-script/scripts/stop_bounded_validation.sh	shell	elisascript-maintainers	reviewed	direct executable	retain-external	release	callers: safety operator; inputs: owned validation lease and PID metadata; outputs: exact owned-process termination/status; deps: bash, ps, kill; platform: POSIX process groups; fixtures: validation lease state; acceptance: preserve fail-closed emergency stop
/Users/torarinvikbjarko/Documents/Coding Projects/Elisa Projects/elisa-script/scripts/run_bounded_test.sh	shell	elisascript-maintainers	reviewed	direct executable	retain-external	test	callers: authorized validation operator only; inputs: pinned StructPy compiler and bounded fixture; outputs: guarded logs/status; deps: sh, dirname, ps, pgrep, setsid, awk, sed, mktemp, head, od, wc, tr, du, date, sleep, tail, mkdir, rmdir, rm, go, git, shasum; platform: macOS/POSIX; fixtures: validation baseline and emergency latch; acceptance: leave disabled until explicit reauthorization
/Users/torarinvikbjarko/Documents/Coding Projects/Elisa Projects/elisa-script/scripts/inventory_project_roots.sh	shell	elisascript-maintainers	reviewed	direct executable	port	build	callers: migration coordinator; inputs: partition manifest and root paths; outputs: combined TSV report; deps: bash, inventory scanners, mktemp; platform: POSIX filesystem; fixtures: docs/migration-project-roots.tsv; acceptance: fail closed on missing/malformed partitions
/Users/torarinvikbjarko/Documents/Coding Projects/Elisa Projects/elisa-script/scripts/check_serialization_bounds.sh	shell	elisascript-maintainers	reviewed	direct executable	port	test	callers: manual/CI; inputs: IR, bytecode, cache, and differential source; outputs: invariant status; deps: bash, rg; platform: POSIX paths; fixtures: IR and bytecode tests; acceptance: subtraction-before-addition audit passes
/Users/torarinvikbjarko/Documents/Coding Projects/Elisa Projects/elisa-script/scripts/check_continuation_policy.sh	shell	elisascript-maintainers	reviewed	direct executable	port	test	callers: manual/CI; inputs: continuation policy source and fixtures; outputs: policy status; deps: bash, rg; platform: POSIX paths; fixtures: continuation-policy docs/tests; acceptance: capture/replay safety audit passes
/Users/torarinvikbjarko/Documents/Coding Projects/Elisa Projects/elisa-script/scripts/check_diagnostic_snapshot.sh	shell	elisascript-maintainers	reviewed	direct executable	port	test	callers: manual/CI; inputs: diagnostic record declarations and fixtures; outputs: field-coverage status; deps: bash, rg; platform: POSIX paths; fixtures: runner tests; acceptance: every host-visible field is covered
/Users/torarinvikbjarko/Documents/Coding Projects/Elisa Projects/elisa-script/scripts/inventory_signals.sh	shell	elisascript-maintainers	reviewed	direct executable	port	build	callers: inventory coordinator; inputs: bounded root traversal; outputs: signal TSV; deps: bash, find/rg; platform: POSIX filesystem; fixtures: migration schema; acceptance: never sources or executes candidates
/Users/torarinvikbjarko/Documents/Coding Projects/Elisa Projects/elisa-script/scripts/inventory_candidates.sh	shell	elisascript-maintainers	reviewed	direct executable	port	build	callers: inventory coordinator; inputs: bounded root traversal; outputs: candidate TSV; deps: bash, rg, mktemp; platform: POSIX filesystem; fixtures: migration schema; acceptance: bounded traversal and fail-closed errors
/Users/torarinvikbjarko/Documents/Coding Projects/Elisa Projects/elisa-script/scripts/check_migration_inventory.sh	shell	elisascript-maintainers	reviewed	direct executable	port	build	callers: manual/CI; inputs: root manifest, schema, review manifest; outputs: inventory-contract status; deps: bash, awk, rg; platform: POSIX paths; fixtures: migration docs; acceptance: manifest shape and review coverage pass
/Users/torarinvikbjarko/Documents/Coding Projects/Elisa Projects/elisa-script/scripts/check_migration_roots.sh	shell	elisascript-maintainers	reviewed	direct executable	port	build	callers: migration inventory audit; inputs: partition manifest and coding-projects root; outputs: deterministic ownership/path status; deps: bash, awk; platform: POSIX filesystem; fixtures: docs/migration-project-roots.tsv; acceptance: root shape, ownership, and declared-directory checks pass without scanning contents
/Users/torarinvikbjarko/Documents/Coding Projects/Elisa Projects/elisa-script/scripts/check_runtime_limits.sh	shell	elisascript-maintainers	reviewed	direct executable	port	test	callers: manual/CI; inputs: runtime limits and fixtures; outputs: limit-contract status; deps: bash, rg; platform: POSIX paths; fixtures: runtime tests; acceptance: shared ceilings remain synchronized
/Users/torarinvikbjarko/Documents/Coding Projects/Elisa Projects/elisa-script/scripts/check_builtin_registry.sh	shell	elisascript-maintainers	reviewed	direct executable	port	test	callers: manual/CI; inputs: builtin registry and consumers; outputs: registry-contract status; deps: bash, rg; platform: POSIX paths; fixtures: builtin tests; acceptance: registry/lowering/verifier rows agree
/Users/torarinvikbjarko/Documents/Coding Projects/Elisa Projects/elisa-script/scripts/check_streaming_file.sh	shell	elisascript-maintainers	reviewed	direct executable	port	test	callers: manual/CI; inputs: FileStream source and fixture; outputs: streaming-contract status; deps: bash, rg; platform: POSIX paths; fixtures: IR stream tests; acceptance: modes, budgets, cleanup, and line state machine agree
/Users/torarinvikbjarko/Documents/Coding Projects/Elisa Projects/elisa-script/scripts/check_path_line_contract.sh	shell	elisascript-maintainers	reviewed	direct executable	port	test	callers: manual/CI; inputs: Path lowering and parity fixture; outputs: line-semantics status; deps: bash, rg; platform: POSIX paths; fixtures: path line contract test; acceptance: trailing-newline semantics stay explicit
/Users/torarinvikbjarko/Documents/Coding Projects/Elisa Projects/elisa-script/scripts/check_resource_policy.sh	shell	elisascript-maintainers	reviewed	direct executable	port	test	callers: manual/CI; inputs: runtime policy, interpreter, bytecode, differential sources; outputs: resource-contract status; deps: bash, rg; platform: POSIX paths; fixtures: IR policy test; acceptance: shared ceilings and accounting edges agree
/Users/torarinvikbjarko/Documents/Coding Projects/Elisa Projects/elisa-script/scripts/run_bounded_lowering.sh	shell	elisascript-maintainers	reviewed	direct executable	retain-external	build	callers: authorized validation operator only; inputs: pinned StructPy compiler and bounded source; outputs: guarded logs/status; deps: sh, dirname, ps, pgrep, setsid, awk, sed, mktemp, head, od, wc, tr, du, date, sleep, tail, mkdir, rmdir, rm, go, git, shasum; platform: macOS/POSIX; fixtures: validation baseline and emergency latch; acceptance: leave disabled until explicit reauthorization
/Users/torarinvikbjarko/Documents/Coding Projects/Elisa Projects/elisa-script/scripts/check_effect_operation_metadata.sh	shell	elisascript-maintainers	reviewed	direct executable	port	test	callers: manual/CI; inputs: effect metadata source and fixtures; outputs: effect-contract status; deps: bash, rg; platform: POSIX paths; fixtures: effect-operation tests; acceptance: operation IDs/spans/payload metadata agree
