# name	relative_path	owner	review_status
C++ projects	C++ projects	unassigned	pending
Elisa Projects	Elisa Projects	unassigned	pending
FSharpProjects	FSharpProjects	unassigned	pending
Go projects	Go projects	unassigned	pending
Haskell Projects	Haskell Projects	unassigned	pending
Java Projects	Java Projects	unassigned	pending
Lean Projects	Lean Projects	unassigned	pending
Ocaml Projects	Ocaml Projects	unassigned	pending
Python Projects	Python Projects	unassigned	pending
Rust Projects	Rust Projects	unassigned	pending
Swift Projects	Swift Projects	unassigned	pending
